config,case,stable,descending,gpu_ms,noise_max_pct,peak_MiB
pr1-p32-c512,half-null,False,True,0.5470272004604338,1.5856666289110386,52.23033618927002
pr1-p32-c512,duplicates,True,False,7.083073544502258,0.4311474535860568,86.42761325836182
pr1-p32-c512,duplicates,True,True,7.084644842147827,0.3741934911037644,86.42761325836182
radix-lrb,duplicates,False,True,6.16168315410614,3.940520040455025,72.36474514007568
pr2-p32-c4096,tiny32-long,True,True,14.011793613433836,0.05237527449570579,87.2581844329834
radix-lrb,duplicates,True,False,6.131560039520263,1.758584128195849,72.36474514007568
pr1-p32-c512,giant-long,True,False,156.28898773193362,0.17993510655658307,86.42761325836182
pr1-p32-c512,giant-long,True,True,157.42593536376953,0.6051777054111053,86.42761325836182
pr2-p32-c4096,giant-long,True,True,157.48262176513674,0.024746757194674205,86.37292575836182
pr1-p32-c512,duplicates,False,True,7.073975968360902,0.41879823991319165,86.42761325836182
pr2-p32-c4096,half-null,False,True,0.5576575934886934,1.0881126727467394,52.20299243927002
prefix,duplicates,True,True,12.696718454360962,0.4748047614595431,32.00227165222168
pr2-p32-c4096,giant-long,True,False,156.3472106933594,0.218379676830376,86.37292575836182
pr2-p32-c4096,tiny32-long,False,True,14.008072042465212,0.16230555608802538,87.2581844329834
radix-lrb,half-null,True,True,0.7364432007074356,0.5453374840592033,120.77197170257568
radix-lrb,giant-long,True,False,13.701511907577515,0.6562719043094016,72.36474514007568
pr2-p32-c4096,tiny32-long,True,False,13.873407983779906,0.043809294147538744,87.2581844329834
pr1-p32-c512,giant-long,False,True,157.41618423461915,0.03717144449789008,86.42761325836182
pr1-p32-c512,tiny32-long,True,False,13.20692481994629,0.0895164512831352,87.3128719329834
prefix,giant-long,True,True,78.22229423522948,0.2229060037491229,32.00227165222168
prefix,duplicates,True,False,12.8370831489563,0.534054534893234,32.00227165222168
radix-lrb,duplicates,True,True,6.206582403182984,3.889035171697488,72.36474514007568
prefix,half-null,True,False,1.1312464058399199,0.5071787946436935,32.00227165222168
pr2-p32-c4096,duplicates,True,False,7.099462366104126,0.3825622305608303,86.37292575836182
prefix,giant-long,True,False,78.21441116333007,0.19596317879645433,32.00227165222168
radix-lrb,half-null,True,False,0.7276399999856952,0.5678218635091454,120.77197170257568
pr1-p32-c512,half-null,True,False,0.5488559991121292,1.0442422115451169,52.23033618927002
pr2-p32-c4096,duplicates,False,True,7.082297539710997,0.3673556739187883,86.37292575836182
radix-lrb,tiny32-long,True,False,2.5308544158935544,0.27003867197770764,72.36474514007568
prefix,half-null,False,True,1.1014735996723177,0.84537528732838,32.00227165222168
pr2-p32-c4096,giant-long,False,True,157.4861572265625,0.4540467515092435,86.37292575836182
radix-lrb,tiny32-long,False,True,1.6647408008575437,2.25029517739805,72.36474514007568
prefix,duplicates,False,True,12.69551844596863,0.4682611787998952,32.00227165222168
pr1-p32-c512,tiny32-long,True,True,13.347263956069947,0.16038308593124323,87.3128719329834
prefix,tiny32-long,True,False,9.699807882308958,0.7910272432438152,32.00227165222168
pr2-p32-c4096,half-null,True,False,0.5551743984222413,9.726215493736271,52.20299243927002
radix-lrb,tiny32-long,True,True,2.5310112237930302,0.2627256822781902,72.36474514007568
pr1-p32-c512,tiny32-long,False,True,13.345160055160523,0.04630171801358779,87.3128719329834
pr2-p32-c4096,duplicates,True,True,7.0878624439239495,1.182463877973742,86.37292575836182
prefix,half-null,True,True,1.0999727845191958,0.8369780764864433,32.00227165222168
pr1-p32-c512,half-null,True,True,0.5476991981267929,0.7315824588699912,52.23033618927002
prefix,tiny32-long,True,True,9.682863903045655,0.7614571396055787,32.00227165222168
prefix,giant-long,False,True,78.2074234008789,0.22930803662376625,32.00227165222168
pr2-p32-c4096,half-null,True,True,0.5585135936737062,3.4921162349029227,52.20299243927002
radix-lrb,giant-long,False,True,13.702534437179567,0.715353756193029,72.36474514007568
prefix,tiny32-long,False,True,9.696463918685915,0.6940819146353739,32.00227165222168
radix-lrb,giant-long,True,True,13.685497617721559,0.7889402869024136,72.36474514007568
radix-lrb,half-null,False,True,0.7368335992097854,0.5646337373075249,120.77197170257568
