config,pool,states,time_over_lrb,lrb_faster_states,pr_faster_states,within_2pct,max_noise_pct
prefix,original-active,68,2.2490653723031264,68,0,0,1.18719341110682
prefix,segments,48,3.1682981735077664,46,1,1,2.8828339757486674
prefix,previous-combined,116,2.5916981014488196,114,1,1,2.8828339757486674
prefix,pr-new,90,2.437579722896989,82,6,2,12.717287895989324
prefix,combined,206,2.523201154718546,196,7,3,12.717287895989324
prefix,all-sorted-order,216,2.4381901069968257,201,7,8,20.7657681071531
prefix,end-to-end,16,2.4452267009681967,16,0,0,1.906589713979091
prefix,all-states,232,2.4386747385818888,217,7,8,20.7657681071531
pr2-p32-c128,original-active,68,1.8872433547710468,55,13,0,14.076035148139567
pr2-p32-c128,segments,48,4.126356825767764,48,0,0,163.71844749786163
pr2-p32-c128,previous-combined,116,2.6086121255923778,103,13,0,163.71844749786163
pr2-p32-c128,pr-new,90,2.474998652452622,78,11,1,15.86821146217522
pr2-p32-c128,combined,206,2.5493722402103467,181,24,1,163.71844749786163
pr2-p32-c128,all-sorted-order,216,2.504139541456712,190,24,2,163.71844749786163
pr2-p32-c128,end-to-end,16,2.3942168112978894,15,1,0,4.526835109701082
pr2-p32-c128,all-states,232,2.496399228916038,205,25,2,163.71844749786163
pr1-p32-c128,original-active,68,1.9268645467179422,55,13,0,30.761205662898096
pr1-p32-c128,segments,48,4.040995692352265,48,0,0,166.90544333477862
pr1-p32-c128,previous-combined,116,2.6178360364770366,103,13,0,166.90544333477862
pr1-p32-c128,pr-new,90,2.512726353797708,78,11,1,16.797758595555294
pr1-p32-c128,combined,206,2.571384048845833,181,24,1,166.90544333477862
pr1-p32-c128,all-sorted-order,216,2.5277496643984274,189,24,3,166.90544333477862
pr1-p32-c128,end-to-end,16,2.396533254778297,15,1,0,6.369062896040373
pr1-p32-c128,all-states,232,2.5184739796813735,204,25,3,166.90544333477862
pr2-p32-c4096,original-active,68,1.6876038169504741,47,20,1,13.380596439067446
pr2-p32-c4096,segments,48,3.9467384168085253,48,0,0,124.66387350796661
pr2-p32-c4096,previous-combined,116,2.3985393523735605,95,20,1,124.66387350796661
pr2-p32-c4096,pr-new,90,2.0716018912171363,67,21,2,22.591906285755147
pr2-p32-c4096,combined,206,2.2497938471487817,162,41,3,124.66387350796661
pr2-p32-c4096,all-sorted-order,216,2.2184133208704533,166,44,6,124.66387350796661
pr2-p32-c4096,end-to-end,16,1.8625116338682248,11,4,1,7.200514158748285
pr2-p32-c4096,all-states,232,2.19182049557637,177,48,7,124.66387350796661
pr2-p32-c512,original-active,68,1.749718518815263,52,16,0,13.866012773327183
pr2-p32-c512,segments,48,4.034834458109225,48,0,0,171.2719619771301
pr2-p32-c512,previous-combined,116,2.4723851872740368,100,16,0,171.2719619771301
pr2-p32-c512,pr-new,90,2.321727695710884,74,14,2,16.546207888874704
pr2-p32-c512,combined,206,2.4053973555071573,174,30,2,171.2719619771301
pr2-p32-c512,all-sorted-order,216,2.366527536230618,179,32,5,171.2719619771301
pr2-p32-c512,end-to-end,16,2.0637325448381225,13,2,1,8.02173216267153
pr2-p32-c512,all-states,232,2.3442881925181305,192,34,6,171.2719619771301
pr1-p32-c512,original-active,68,1.8350905045881314,55,13,0,9.909776817928638
pr1-p32-c512,segments,48,3.9196043546945076,48,0,0,173.42443526993787
pr1-p32-c512,previous-combined,116,2.512102651329849,103,13,0,173.42443526993787
pr1-p32-c512,pr-new,90,2.428578649750092,78,11,1,11.06989817360209
pr1-p32-c512,combined,206,2.47526393302566,181,24,1,173.42443526993787
pr1-p32-c512,all-sorted-order,216,2.431367135838997,185,26,5,173.42443526993787
pr1-p32-c512,end-to-end,16,2.2180585379046134,15,1,0,5.80659099380928
pr1-p32-c512,all-states,232,2.416019121022344,200,27,5,173.42443526993787
radix-lrb,original-active,68,1.0,0,0,68,78.10857681269813
radix-lrb,segments,48,1.0,0,0,48,8.137502674462734
radix-lrb,previous-combined,116,1.0,0,0,116,78.10857681269813
radix-lrb,pr-new,90,1.0,0,0,90,106.13369577563361
radix-lrb,combined,206,1.0,0,0,206,106.13369577563361
radix-lrb,all-sorted-order,216,1.0,0,0,216,106.13369577563361
radix-lrb,end-to-end,16,1.0,0,0,16,2.5744314245672033
radix-lrb,all-states,232,1.0,0,0,232,106.13369577563361
pr1-p32-c4096,original-active,68,2.0194591785928617,58,10,0,10.23090406536389
pr1-p32-c4096,segments,48,3.850742800125231,48,0,0,157.0850262542274
pr1-p32-c4096,previous-combined,116,2.637698723059133,106,10,0,157.0850262542274
pr1-p32-c4096,pr-new,90,2.4469922726937083,78,11,1,20.025474726335606
pr1-p32-c4096,combined,206,2.5526172954504243,184,21,1,157.0850262542274
pr1-p32-c4096,all-sorted-order,216,2.504057640228615,188,22,6,308.0076074195745
pr1-p32-c4096,end-to-end,16,2.486173765632904,15,1,0,5.665332868077087
pr1-p32-c4096,all-states,232,2.5028201500235845,203,23,6,308.0076074195745
