config,group,benchmark,state,stable,descending,round,gpu_ms,noise_pct,axes
optimized,cardinality-preflight,sorted_order_strings_cardinality,Device=0 num_rows=262144 max_width=32 cardinality=64,False,False,4,0.44331712245941157,1.8826766788012421,"{""cardinality"": ""64"", ""max_width"": ""32"", ""num_rows"": ""262144""}"
optimized,cardinality-preflight,sorted_order_strings_cardinality,Device=0 num_rows=262144 max_width=32 cardinality=64,False,False,1,0.44546112179756153,1.9386668214921494,"{""cardinality"": ""64"", ""max_width"": ""32"", ""num_rows"": ""262144""}"
baseline,cardinality-preflight,sorted_order_strings_cardinality,Device=0 num_rows=262144 max_width=32 cardinality=64,False,False,2,0.45632192075252537,2.1414229794139246,"{""cardinality"": ""64"", ""max_width"": ""32"", ""num_rows"": ""262144""}"
optimized,cardinality-preflight,sorted_order_strings_cardinality,Device=0 num_rows=262144 max_width=32 cardinality=64,False,False,0,0.44683008074760433,2.1359360728639554,"{""cardinality"": ""64"", ""max_width"": ""32"", ""num_rows"": ""262144""}"
baseline,cardinality-preflight,sorted_order_strings_cardinality,Device=0 num_rows=262144 max_width=32 cardinality=64,False,False,3,0.44634175896644573,1.956920898734753,"{""cardinality"": ""64"", ""max_width"": ""32"", ""num_rows"": ""262144""}"
optimized,cardinality-preflight,sorted_order_strings_cardinality,Device=0 num_rows=262144 max_width=32 cardinality=64,False,False,3,0.44744768083095554,1.9435867913869795,"{""cardinality"": ""64"", ""max_width"": ""32"", ""num_rows"": ""262144""}"
optimized,cardinality-preflight,sorted_order_strings_cardinality,Device=0 num_rows=262144 max_width=32 cardinality=64,False,False,2,0.4463161581754684,1.7279915012483227,"{""cardinality"": ""64"", ""max_width"": ""32"", ""num_rows"": ""262144""}"
baseline,cardinality-preflight,sorted_order_strings_cardinality,Device=0 num_rows=262144 max_width=32 cardinality=64,False,False,1,0.4528768002986908,2.4122354595371904,"{""cardinality"": ""64"", ""max_width"": ""32"", ""num_rows"": ""262144""}"
baseline,cardinality-preflight,sorted_order_strings_cardinality,Device=0 num_rows=262144 max_width=32 cardinality=64,False,False,0,0.4491315191984177,1.856862617277015,"{""cardinality"": ""64"", ""max_width"": ""32"", ""num_rows"": ""262144""}"
baseline,cardinality-preflight,sorted_order_strings_cardinality,Device=0 num_rows=262144 max_width=32 cardinality=64,False,False,4,0.4499782413244248,1.649512929336741,"{""cardinality"": ""64"", ""max_width"": ""32"", ""num_rows"": ""262144""}"
