config,group,state,stable,descending,round,gpu_ms,noise_pct,axes
baseline,cardinality-confirmation,Device=0 num_rows=262144 max_width=32 cardinality=64,False,False,1,0.4456678396463394,1.973885711177063,"{""cardinality"": ""64"", ""max_width"": ""32"", ""num_rows"": ""262144""}"
experiment-3,cardinality-confirmation,Device=0 num_rows=262144 max_width=32 cardinality=64,False,False,4,0.4465651208162307,1.9713471206801054,"{""cardinality"": ""64"", ""max_width"": ""32"", ""num_rows"": ""262144""}"
experiment-15,cardinality-confirmation,Device=0 num_rows=262144 max_width=32 cardinality=64,False,False,0,0.44518080115318304,1.83858825156153,"{""cardinality"": ""64"", ""max_width"": ""32"", ""num_rows"": ""262144""}"
experiment-31,cardinality-confirmation,Device=0 num_rows=262144 max_width=32 cardinality=64,False,False,0,0.4662931209802628,3.301481064157278,"{""cardinality"": ""64"", ""max_width"": ""32"", ""num_rows"": ""262144""}"
experiment-15,cardinality-confirmation,Device=0 num_rows=262144 max_width=32 cardinality=64,False,False,3,0.44683008074760433,1.7966515549837148,"{""cardinality"": ""64"", ""max_width"": ""32"", ""num_rows"": ""262144""}"
baseline,cardinality-confirmation,Device=0 num_rows=262144 max_width=32 cardinality=64,False,False,3,0.4496057587862015,2.05891150062355,"{""cardinality"": ""64"", ""max_width"": ""32"", ""num_rows"": ""262144""}"
baseline,cardinality-confirmation,Device=0 num_rows=262144 max_width=32 cardinality=64,False,False,0,0.4465452808141708,1.9353651708021093,"{""cardinality"": ""64"", ""max_width"": ""32"", ""num_rows"": ""262144""}"
experiment-15,cardinality-confirmation,Device=0 num_rows=262144 max_width=32 cardinality=64,False,False,1,0.44754111945629116,5.1394652805185075,"{""cardinality"": ""64"", ""max_width"": ""32"", ""num_rows"": ""262144""}"
experiment-15,cardinality-confirmation,Device=0 num_rows=262144 max_width=32 cardinality=64,False,False,2,0.44059584021568293,1.9858457908988696,"{""cardinality"": ""64"", ""max_width"": ""32"", ""num_rows"": ""262144""}"
experiment-31,cardinality-confirmation,Device=0 num_rows=262144 max_width=32 cardinality=64,False,False,4,0.45883648037910446,2.4150907505186123,"{""cardinality"": ""64"", ""max_width"": ""32"", ""num_rows"": ""262144""}"
experiment-31,cardinality-confirmation,Device=0 num_rows=262144 max_width=32 cardinality=64,False,False,2,0.4688435196876526,3.221947570371501,"{""cardinality"": ""64"", ""max_width"": ""32"", ""num_rows"": ""262144""}"
experiment-3,cardinality-confirmation,Device=0 num_rows=262144 max_width=32 cardinality=64,False,False,1,0.44255872070789337,1.9459663863730399,"{""cardinality"": ""64"", ""max_width"": ""32"", ""num_rows"": ""262144""}"
experiment-31,cardinality-confirmation,Device=0 num_rows=262144 max_width=32 cardinality=64,False,False,1,0.4597683191299438,2.149136465908008,"{""cardinality"": ""64"", ""max_width"": ""32"", ""num_rows"": ""262144""}"
experiment-31,cardinality-confirmation,Device=0 num_rows=262144 max_width=32 cardinality=64,False,False,3,0.4587590420246124,2.3024991832903043,"{""cardinality"": ""64"", ""max_width"": ""32"", ""num_rows"": ""262144""}"
experiment-3,cardinality-confirmation,Device=0 num_rows=262144 max_width=32 cardinality=64,False,False,2,0.44127296030521385,1.8152501180773297,"{""cardinality"": ""64"", ""max_width"": ""32"", ""num_rows"": ""262144""}"
baseline,cardinality-confirmation,Device=0 num_rows=262144 max_width=32 cardinality=64,False,False,4,0.44878784120082876,2.1157209755725637,"{""cardinality"": ""64"", ""max_width"": ""32"", ""num_rows"": ""262144""}"
baseline,cardinality-confirmation,Device=0 num_rows=262144 max_width=32 cardinality=64,False,False,2,0.4472953593730927,2.1939728611766833,"{""cardinality"": ""64"", ""max_width"": ""32"", ""num_rows"": ""262144""}"
experiment-3,cardinality-confirmation,Device=0 num_rows=262144 max_width=32 cardinality=64,False,False,0,0.4418675184249878,1.9352136880829005,"{""cardinality"": ""64"", ""max_width"": ""32"", ""num_rows"": ""262144""}"
experiment-15,cardinality-confirmation,Device=0 num_rows=262144 max_width=32 cardinality=64,False,False,4,0.4449497586488724,1.7947714270479378,"{""cardinality"": ""64"", ""max_width"": ""32"", ""num_rows"": ""262144""}"
experiment-3,cardinality-confirmation,Device=0 num_rows=262144 max_width=32 cardinality=64,False,False,3,0.44849216222763066,3.886713705114707,"{""cardinality"": ""64"", ""max_width"": ""32"", ""num_rows"": ""262144""}"
