config,pool,states,time_over_optimized,optimized_faster_over_2,other_faster_over_2,within_2
baseline,original-active,68,1.1667583358700382,20,0,48
baseline,segments,48,1.1442681025639028,10,0,38
baseline,pr-new,90,1.2769226282086588,35,1,54
baseline,combined,206,1.2081763568951391,65,1,140
baseline,end-to-end,16,1.4491838399583479,6,0,10
baseline,all-primary,232,1.2292021153022978,74,2,156
baseline,stable-warps,40,1.1596426512043516,35,0,5
prefix,original-active,68,2.6353033047531493,68,0,0
prefix,segments,48,3.6374363674146197,46,2,0
prefix,pr-new,90,3.1120994470552126,82,7,1
prefix,combined,206,3.0549031059965235,196,9,1
prefix,end-to-end,16,3.5439377563108105,16,0,0
prefix,all-primary,232,3.002432820622966,215,9,8
pr1-p32-c512,original-active,68,2.132585113998849,56,12,0
pr1-p32-c512,segments,48,4.465136025565347,48,0,0
pr1-p32-c512,pr-new,90,3.098162640020317,80,10,0
pr1-p32-c512,combined,206,2.982283470862679,184,22,0
pr1-p32-c512,end-to-end,16,3.2092095211611973,16,0,0
pr1-p32-c512,all-primary,232,2.9602476051313746,202,23,7
pr2-p32-c4096,original-active,68,1.9701261150430853,49,19,0
pr2-p32-c4096,segments,48,4.542335403719279,48,0,0
pr2-p32-c4096,pr-new,90,2.629644972058673,69,20,1
pr2-p32-c4096,combined,206,2.715277700640742,166,39,1
pr2-p32-c4096,end-to-end,16,2.680265496676995,12,3,1
pr2-p32-c4096,all-primary,232,2.691699250191881,183,43,6
