kind,comparison,benchmark,group,axes,primary_ratio,rechecked_ratio,lrb_ms,comparison_ms,noise_max_pct
control,old-r8-control,sorted_order_strings_cardinality,target,"{""cardinality"": ""1"", ""max_width"": ""32"", ""num_rows"": ""262144""}",0.9694057582565119,0.9381297226335662,0.007627520002424718,0.008130560005083678,22.44934937500217
control,old-r8-control,sorted_order_strings_cardinality,target,"{""cardinality"": ""0"", ""max_width"": ""128"", ""num_rows"": ""262144""}",1.028168584563607,1.0167334353558592,0.2675020784139633,0.26309951961040495,3.987185782903804
control,old-r8-control,sorted_order_strings_prefixes,target,"{""num_rows"": ""262144"", ""prefix_cardinality"": ""1"", ""prefix_width"": ""4"", ""suffix_width"": ""32""}",1.0267850961663754,1.0129245894468495,0.23965504020452502,0.2365971195697785,16.83367380592216
control,old-r8-control,sorted_order_strings_prefixes,target,"{""num_rows"": ""262144"", ""prefix_cardinality"": ""64"", ""prefix_width"": ""4"", ""suffix_width"": ""32""}",1.0402094656807994,0.9736572049047116,0.19860799878835678,0.20398144006729127,1.8382147260420039
control,old-r8-control,sorted_order_strings,main,"{""max_width"": ""8"", ""min_width"": ""1"", ""num_rows"": ""32768""}",0.972948623095048,1.0038593923623875,0.16796735882759092,0.16732159912586209,10.279092971009229
control,old-r8-control,sorted_order_strings,main,"{""max_width"": ""32"", ""min_width"": ""1"", ""num_rows"": ""32768""}",0.9787504190413722,1.0009612272689148,0.20393600016832358,0.20374015957117073,9.387497498306292
control,old-r8-control,sorted_order_strings_distribution,main,"{""num_rows"": ""2097152"", ""profile"": ""cardinality_1_width_32""}",0.9696804765013618,1.01913910622835,0.008758399989455934,0.008593920040875669,14.211694857439394
control,old-r8-control,sorted_order_strings_nulls,main,"{""null_percent"": ""100"", ""num_rows"": ""262144"", ""profile"": ""fixed_8""}",0.96735394117664,1.0208651915502216,0.007264640014618636,0.007116159973666074,8.241608732997161
control,old-r8-control,sorted_order_strings_segments,segments,"{""num_rows"": ""32768"", ""segment_profile"": ""pairs"", ""shared_suffix"": ""0""}",1.0220931985469863,0.9997584151687078,0.15891072034835815,0.1589491200447082,18.972489431700478
control,old-r8-control,sorted_order_strings_segments,segments,"{""num_rows"": ""32768"", ""segment_profile"": ""tiny4"", ""shared_suffix"": ""0""}",1.0200693248687787,1.0005010487577248,0.15846656054258348,0.1583872008323669,2.500241746719362
main,pr2-p32-c4096,sorted_order_strings_source_parity,pr-source,"{""num_rows"": ""262144"", ""profile"": ""duplicates_32""}",8.00122134548051,8.059167964449518,0.621914882659912,5.012116498947144,0.4644396256611896
main,pr2-p32-c4096,sorted_order_strings_workload,pr-workload,"{""max_width"": ""32"", ""min_width"": ""0"", ""num_rows"": ""262144"", ""workload"": ""normal""}",0.9969236836826698,1.0117959583043947,0.41196479976177214,0.4168243193626403,2.8783439495942202
main,pr2-p32-c4096,sorted_order_strings_workload,pr-workload,"{""max_width"": ""128"", ""min_width"": ""0"", ""num_rows"": ""262144"", ""workload"": ""duplicates""}",2.618355129941101,2.6018900256390403,0.9251136016845704,2.407043852806092,2.5232967078217587
main,pr2-p32-c4096,sorted_order_strings_workload,pr-workload,"{""max_width"": ""64"", ""min_width"": ""0"", ""num_rows"": ""2097152"", ""workload"": ""duplicates""}",0.9959360426612107,0.9873178535174707,3.3338969612121594,3.2916159915924075,1.4776094911001063
main,pr2-p32-c4096,sorted_order_strings_segmented_diagnostics,pr-diagnostics,"{""num_rows"": ""262144"", ""profile"": ""duplicates_12""}",0.9508111377782549,0.9583045743252038,0.34947519719600684,0.33490368008613597,2.2108199184362176
main,pr2-p32-c4096,sort_strings_workload,end-to-end,"{""max_width"": ""32"", ""min_width"": ""0"", ""num_rows"": ""262144"", ""workload"": ""normal""}",1.0195470392977077,1.0044903505981175,0.5156665551662446,0.5179820787906646,1.4487827200075276
main,pr2-p32-c4096,sorted_order_strings_segments,segments,"{""num_rows"": ""32768"", ""segment_profile"": ""tiny8"", ""shared_suffix"": ""64""}",3.4892739576420877,3.4790249527825683,0.17906240016222003,0.6229625582695009,4.150674099235748
main,pr2-p32-c4096,sorted_order_strings_cardinality,target,"{""cardinality"": ""0"", ""max_width"": ""32"", ""num_rows"": ""2097152""}",1.6258985805348403,1.6492159907584538,0.523178240060806,0.8628339195251464,0.6238606948376768
main,pr2-p32-c4096,sorted_order_strings,main,"{""max_width"": ""32"", ""min_width"": ""1"", ""num_rows"": ""262144""}",1.0009771868260555,1.028240133632167,0.39476288139820104,0.40591103792190547,6.16049288258388
default-win,pr2-p1-c512,sorted_order_strings_segmented_diagnostics,pr-diagnostics,"{""num_rows"": ""2097152"", ""profile"": ""duplicates_12""}",0.28743286901407233,0.2846647361853184,2.060025587081909,0.5864166402816773,4.168831832334121
default-win,pr2-p1-c512,sorted_order_strings,main,"{""max_width"": ""64"", ""min_width"": ""1"", ""num_rows"": ""16777216""}",0.32561775065853543,0.32712771963778586,15.943692207336424,5.215623674392701,1.233997189190969
default-win,pr2-p1-c512,sorted_order_strings_source_parity,pr-source,"{""num_rows"": ""2097152"", ""profile"": ""raw_duplicates_40""}",0.3359523032726836,0.332201326329867,3.1736089658737177,1.0542771077156066,0.5294064904942087
default-win,pr2-p1-c512,sorted_order_strings,main,"{""max_width"": ""128"", ""min_width"": ""1"", ""num_rows"": ""16777216""}",0.3486983523939049,0.3481251961311269,29.373831672668448,10.225770912170411,2.368827950770223
