config,case,sample,kernel_count,stream_waits,host_stream_wait_ms,cpu_range_ms,kernel_ms
pr1-p32-c512,tiny32,0,57,12,0.940691,1.289325,13.051945
pr1-p32-c512,tiny32,1,57,12,0.938858,1.284463,13.046762
pr1-p32-c512,tiny32,2,57,12,0.93118,1.277514,13.043785
pr1-p32-c512,tiny32,3,57,12,0.932364,1.281697,13.048939
pr1-p32-c512,tiny32,4,57,12,0.937327,1.28472,13.043785
pr1-p32-c512,tiny32,5,57,12,0.931986,1.275668,13.043977
pr1-p32-c512,tiny32,6,57,12,0.932813,1.272307,13.041898
pr1-p32-c512,logarithmic,0,147,39,5.928571,8.003453,10.02245
pr1-p32-c512,logarithmic,1,147,39,5.92833,8.005149,9.917523
pr1-p32-c512,logarithmic,2,147,39,5.906662,7.969781,9.939898
pr1-p32-c512,logarithmic,3,147,39,5.879233,7.93312,9.913106
pr1-p32-c512,logarithmic,4,147,39,5.904941,7.983164,10.112565
pr1-p32-c512,logarithmic,5,147,39,5.915549,7.997988,9.988216
pr1-p32-c512,logarithmic,6,147,39,5.910854,7.967844,9.926165
pr1-p32-c512,one_segment,0,120,30,153.754612,154.703488,154.428777
pr1-p32-c512,one_segment,1,120,30,153.680979,154.652515,154.354217
pr1-p32-c512,one_segment,2,120,30,153.764388,154.62953,154.395274
pr1-p32-c512,one_segment,3,120,30,153.725063,154.769256,154.374121
pr1-p32-c512,one_segment,4,120,30,153.762718,154.64785,154.425608
pr1-p32-c512,one_segment,5,120,30,153.757051,154.807083,154.408645
pr1-p32-c512,one_segment,6,120,30,153.704357,154.670309,154.402089
pr1-p32-c512,duplicates64,0,140,37,6.347089,7.416534,6.344291
pr1-p32-c512,duplicates64,1,140,37,6.395822,7.471703,6.346658
pr1-p32-c512,duplicates64,2,140,37,6.35844,7.423542,6.352866
pr1-p32-c512,duplicates64,3,140,37,6.351512,7.409419,6.331939
pr1-p32-c512,duplicates64,4,140,37,6.366323,7.435439,6.340194
pr1-p32-c512,duplicates64,5,140,37,6.375273,7.426612,6.350372
pr1-p32-c512,duplicates64,6,140,37,6.343995,7.39834,6.322529
pr2-p32-c4096,tiny32,0,57,12,1.597939,1.947919,13.707456
pr2-p32-c4096,tiny32,1,57,12,1.593928,1.941683,13.713152
pr2-p32-c4096,tiny32,2,57,12,1.610019,1.952413,13.714623
pr2-p32-c4096,tiny32,3,57,12,1.60274,1.947965,13.71184
pr2-p32-c4096,tiny32,4,57,12,1.606339,1.946186,13.711808
pr2-p32-c4096,tiny32,5,57,12,1.59696,1.936171,13.706624
pr2-p32-c4096,tiny32,6,57,12,1.611027,1.943093,13.714784
pr2-p32-c4096,logarithmic,0,129,30,5.76033,6.664427,13.100096
pr2-p32-c4096,logarithmic,1,129,30,5.766235,6.653374,12.505541
pr2-p32-c4096,logarithmic,2,129,30,5.772146,6.65476,12.589606
pr2-p32-c4096,logarithmic,3,129,30,5.738615,6.648114,12.564871
pr2-p32-c4096,logarithmic,4,129,30,5.76333,6.664881,12.206691
pr2-p32-c4096,logarithmic,5,129,30,5.757492,6.642537,12.533798
pr2-p32-c4096,logarithmic,6,129,30,5.742684,6.639497,12.541251
pr2-p32-c4096,one_segment,0,120,30,153.784871,154.751612,154.501845
pr2-p32-c4096,one_segment,1,120,30,153.719063,154.726443,154.424055
pr2-p32-c4096,one_segment,2,120,30,153.781091,154.76969,154.478998
pr2-p32-c4096,one_segment,3,120,30,153.761429,154.902587,154.436181
pr2-p32-c4096,one_segment,4,120,30,153.79568,154.722466,154.498198
pr2-p32-c4096,one_segment,5,120,30,153.78438,154.832437,154.454488
pr2-p32-c4096,one_segment,6,120,30,153.687731,154.656564,154.405335
pr2-p32-c4096,duplicates64,0,140,37,6.322436,7.402729,6.336259
pr2-p32-c4096,duplicates64,1,140,37,6.324164,7.408146,6.347425
pr2-p32-c4096,duplicates64,2,140,37,6.444081,7.540385,6.360929
pr2-p32-c4096,duplicates64,3,140,37,6.322102,7.395717,6.321155
pr2-p32-c4096,duplicates64,4,140,37,6.315092,7.401053,6.337122
pr2-p32-c4096,duplicates64,5,140,37,6.334718,7.409939,6.338942
pr2-p32-c4096,duplicates64,6,140,37,6.359172,7.424848,6.363552
radix-lrb,tiny32,0,27,1,0.002106,0.415622,1.604506
radix-lrb,tiny32,1,27,1,0.002129,0.410315,1.595609
radix-lrb,tiny32,2,27,1,0.002081,0.414369,1.599255
radix-lrb,tiny32,3,27,1,0.00206,0.409038,1.595641
radix-lrb,tiny32,4,27,1,0.002009,0.411516,1.602328
radix-lrb,tiny32,5,27,1,0.002026,0.419889,1.60121
radix-lrb,tiny32,6,27,1,0.002051,0.415175,1.602488
radix-lrb,logarithmic,0,34,1,0.002284,0.416949,8.326838
radix-lrb,logarithmic,1,34,1,0.002562,0.445323,8.274422
radix-lrb,logarithmic,2,34,1,0.002222,0.420439,8.32367
radix-lrb,logarithmic,3,34,1,0.00229,0.416265,8.312824
radix-lrb,logarithmic,4,34,1,0.002186,0.413813,8.306263
radix-lrb,logarithmic,5,34,1,0.002224,0.41582,8.279382
radix-lrb,logarithmic,6,34,1,0.002209,0.417765,8.307895
radix-lrb,one_segment,0,39,1,0.0022,0.40475,13.554877
radix-lrb,one_segment,1,39,1,0.00219,0.40162,13.545501
radix-lrb,one_segment,2,39,1,0.002232,0.415344,13.489693
radix-lrb,one_segment,3,39,1,0.00229,0.402874,13.734492
radix-lrb,one_segment,4,39,1,0.00234,0.410149,13.50947
radix-lrb,one_segment,5,39,1,0.002202,0.399349,13.712988
radix-lrb,one_segment,6,39,1,0.002332,0.402984,13.559261
radix-lrb,duplicates64,0,34,1,0.00225,0.406609,5.93117
radix-lrb,duplicates64,1,34,1,0.00236,0.398651,6.163265
radix-lrb,duplicates64,2,34,1,0.002197,0.402476,5.944066
radix-lrb,duplicates64,3,34,1,0.002253,0.402057,5.951875
radix-lrb,duplicates64,4,34,1,0.002206,0.408606,5.93085
radix-lrb,duplicates64,5,34,1,0.002202,0.4019,5.912034
radix-lrb,duplicates64,6,34,1,0.002171,0.40517,6.146049
