config,case,kernel_count,stream_waits,host_stream_wait_ms,cpu_range_ms,kernel_ms
pr1-p32-c512,duplicates64,140,37,6.35844,7.423542,6.344291
pr1-p32-c512,logarithmic,147,39,5.910854,7.983164,9.939898
pr1-p32-c512,one_segment,120,30,153.754612,154.670309,154.402089
pr1-p32-c512,tiny32,57,12,0.932813,1.281697,13.043977
pr2-p32-c4096,duplicates64,140,37,6.324164,7.408146,6.338942
pr2-p32-c4096,logarithmic,129,30,5.76033,6.653374,12.541251
pr2-p32-c4096,one_segment,120,30,153.781091,154.751612,154.454488
pr2-p32-c4096,tiny32,57,12,1.60274,1.946186,13.71184
radix-lrb,duplicates64,34,1,0.002206,0.402476,5.944066
radix-lrb,logarithmic,34,1,0.002224,0.416949,8.307895
radix-lrb,one_segment,39,1,0.002232,0.402984,13.554877
radix-lrb,tiny32,27,1,0.00206,0.414369,1.60121
