config,case,sample,kernel_count,stream_waits,cpu_range_ms,kernel_ms
baseline,giant-long,0,39,1,0.398697,13.570247
baseline,giant-long,1,39,1,0.402985,13.549958
baseline,giant-long,2,39,1,0.406932,13.542086
baseline,giant-long,3,39,1,0.402233,13.74474
baseline,giant-long,4,39,1,0.402197,13.723013
baseline,giant-long,5,39,1,0.404519,13.725413
baseline,giant-long,6,39,1,0.403189,13.697925
baseline,giant-short,0,39,1,0.36783,3.854479
baseline,giant-short,1,39,1,0.367328,3.892335
baseline,giant-short,2,39,1,0.367448,3.858959
baseline,giant-short,3,39,1,0.361878,3.870703
baseline,giant-short,4,39,1,0.367842,3.856143
baseline,giant-short,5,39,1,0.369145,3.860399
baseline,giant-short,6,39,1,0.365632,3.8572
baseline,hot90-long,0,40,1,0.445756,13.159107
baseline,hot90-long,1,40,1,0.452745,13.15981
baseline,hot90-long,2,40,1,0.444928,13.166627
baseline,hot90-long,3,40,1,0.450261,13.13354
baseline,hot90-long,4,40,1,0.454612,13.136802
baseline,hot90-long,5,40,1,0.451193,13.171138
baseline,hot90-long,6,40,1,0.44726,13.140612
baseline,few-giants-long,0,34,1,0.441413,2.973522
baseline,few-giants-long,1,34,1,0.439511,2.976147
baseline,few-giants-long,2,34,1,0.432353,2.973107
baseline,few-giants-long,3,34,1,0.438367,2.969939
baseline,few-giants-long,4,34,1,0.440529,2.964819
baseline,few-giants-long,5,34,1,0.436167,2.974131
baseline,few-giants-long,6,34,1,0.439856,2.975059
baseline,stable-tiny32-long,0,27,1,0.414013,2.46511
baseline,stable-tiny32-long,1,27,1,0.413845,2.465653
baseline,stable-tiny32-long,2,27,1,0.412618,2.462324
baseline,stable-tiny32-long,3,27,1,0.413759,2.474326
baseline,stable-tiny32-long,4,27,1,0.408245,2.466197
baseline,stable-tiny32-long,5,27,1,0.409436,2.467669
baseline,stable-tiny32-long,6,27,1,0.411583,2.469813
baseline,logarithmic-long,0,34,1,0.415248,8.290777
baseline,logarithmic-long,1,34,1,0.418497,8.292601
baseline,logarithmic-long,2,34,1,0.414491,8.324377
baseline,logarithmic-long,3,34,1,0.412486,8.272922
baseline,logarithmic-long,4,34,1,0.420715,8.298488
baseline,logarithmic-long,5,34,1,0.420187,8.309914
baseline,logarithmic-long,6,34,1,0.420291,8.349273
baseline,duplicates12,0,33,1,0.348091,2.017942
baseline,duplicates12,1,33,1,0.345121,2.015382
baseline,duplicates12,2,33,1,0.348234,1.98191
baseline,duplicates12,3,33,1,0.342253,2.012023
baseline,duplicates12,4,33,1,0.354801,1.970518
baseline,duplicates12,5,33,1,0.340558,1.977526
baseline,duplicates12,6,33,1,0.351677,2.00847
optimized,giant-long,0,48,2,0.582958,0.712636
optimized,giant-long,1,48,2,0.586198,0.716412
optimized,giant-long,2,48,2,0.591595,0.717084
optimized,giant-long,3,48,2,0.590255,0.715997
optimized,giant-long,4,48,2,0.579879,0.716092
optimized,giant-long,5,48,2,0.57812,0.715293
optimized,giant-long,6,48,2,0.582126,0.713852
optimized,giant-short,0,48,2,0.474324,0.57475
optimized,giant-short,1,48,2,0.470918,0.574942
optimized,giant-short,2,48,2,0.473577,0.574237
optimized,giant-short,3,48,2,4.362534,0.578397
optimized,giant-short,4,48,2,0.502632,0.575486
optimized,giant-short,5,48,2,0.471305,0.572606
optimized,giant-short,6,48,2,0.478567,0.574303
optimized,hot90-long,0,42,1,0.465828,4.543562
optimized,hot90-long,1,42,1,0.468776,4.537482
optimized,hot90-long,2,42,1,0.469729,4.552842
optimized,hot90-long,3,42,1,0.471698,4.54865
optimized,hot90-long,4,42,1,0.466497,4.543851
optimized,hot90-long,5,42,1,0.460896,4.542186
optimized,hot90-long,6,42,1,0.466974,4.549675
optimized,few-giants-long,0,34,1,0.432381,2.98469
optimized,few-giants-long,1,34,1,0.435772,2.979282
optimized,few-giants-long,2,34,1,0.431867,2.966546
optimized,few-giants-long,3,34,1,0.431622,2.984018
optimized,few-giants-long,4,34,1,0.433107,2.972018
optimized,few-giants-long,5,34,1,0.438121,2.977938
optimized,few-giants-long,6,34,1,0.434707,2.97285
optimized,stable-tiny32-long,0,27,1,0.415082,1.574265
optimized,stable-tiny32-long,1,27,1,0.408251,1.571321
optimized,stable-tiny32-long,2,27,1,0.4122,1.584954
optimized,stable-tiny32-long,3,27,1,0.417387,1.579705
optimized,stable-tiny32-long,4,27,1,0.415862,1.570425
optimized,stable-tiny32-long,5,27,1,0.412816,1.574328
optimized,stable-tiny32-long,6,27,1,0.411517,1.574744
optimized,logarithmic-long,0,34,1,0.415559,8.26649
optimized,logarithmic-long,1,34,1,0.415844,8.237561
optimized,logarithmic-long,2,34,1,0.417626,8.255001
optimized,logarithmic-long,3,34,1,0.414313,8.281592
optimized,logarithmic-long,4,34,1,0.410401,8.292089
optimized,logarithmic-long,5,34,1,0.413095,8.259417
optimized,logarithmic-long,6,34,1,0.422587,8.269113
optimized,duplicates12,0,33,1,0.351403,1.988983
optimized,duplicates12,1,33,1,0.343082,1.965303
optimized,duplicates12,2,33,1,0.342296,1.963958
optimized,duplicates12,3,33,1,0.348136,1.96719
optimized,duplicates12,4,33,1,0.346387,1.973816
optimized,duplicates12,5,33,1,0.35268,1.967959
optimized,duplicates12,6,33,1,0.341934,1.963542
